{"cameraMode":{"drawMode":0,"name":"Shaded","section":"Shading Mode"},"sceneLighting":false,"audioPlay":false,"sceneViewState":{"showFog":true,"showMaterialUpdate":false,"showSkybox":false,"showFlares":true,"showImageEffects":true,"showParticleSystems":true},"in2DMode":false,"pivot":{"x":-0.06973819434642792,"y":1.3687796592712403,"z":0.49015355110168459},"rotation":{"x":0.07639981806278229,"y":-0.026012806221842767,"z":0.001994097838178277,"w":0.9967359304428101},"size":2.8887429237365724,"orthographic":false}