{"cameraMode":{"drawMode":0,"name":"Shaded","section":"Shading Mode"},"sceneLighting":false,"audioPlay":false,"sceneViewState":{"showFog":true,"showMaterialUpdate":false,"showSkybox":false,"showFlares":true,"showImageEffects":true,"showParticleSystems":true},"in2DMode":false,"pivot":{"x":21.3967342376709,"y":2.8433725833892824,"z":22.529603958129884},"rotation":{"x":0.19229499995708466,"y":-0.0005811532028019428,"z":0.00011404648830648512,"w":0.9813370108604431},"size":2.479984760284424,"orthographic":false}