{"cameraMode":{"drawMode":0,"name":"Shaded","section":"Shading Mode"},"sceneLighting":false,"audioPlay":false,"sceneViewState":{"showFog":true,"showMaterialUpdate":false,"showSkybox":false,"showFlares":true,"showImageEffects":true,"showParticleSystems":true},"in2DMode":false,"pivot":{"x":520.7996826171875,"y":69.06256103515625,"z":-34.46296691894531},"rotation":{"x":0.22833697497844697,"y":0.4112096130847931,"z":-0.10719199478626251,"w":0.8759445548057556},"size":233.34524536132813,"orthographic":false}