{"cameraMode":{"drawMode":0,"name":"Shaded","section":"Shading Mode"},"sceneLighting":false,"audioPlay":false,"sceneViewState":{"showFog":true,"showMaterialUpdate":false,"showSkybox":false,"showFlares":true,"showImageEffects":true,"showParticleSystems":true},"in2DMode":false,"pivot":{"x":-57.34000015258789,"y":1.340000033378601,"z":59.029998779296878},"rotation":{"x":0.18263843655586244,"y":0.5738979578018189,"z":-0.13316431641578675,"w":0.7871159911155701},"size":5.309877872467041,"orthographic":false}