{"cameraMode":{"drawMode":0,"name":"Shaded","section":"Shading Mode"},"sceneLighting":true,"audioPlay":false,"sceneViewState":{"showFog":true,"showMaterialUpdate":false,"showSkybox":true,"showFlares":true,"showImageEffects":true,"showParticleSystems":true},"in2DMode":false,"pivot":{"x":604.0638427734375,"y":8.115715026855469,"z":80.96379089355469},"rotation":{"x":0.24781039357185365,"y":0.7109194397926331,"z":-0.30099111795425417,"w":0.5853101015090942},"size":1.6654739379882813,"orthographic":false}