{"cameraMode":{"drawMode":0,"name":"Shaded","section":"Shading Mode"},"sceneLighting":false,"audioPlay":false,"sceneViewState":{"showFog":true,"showMaterialUpdate":false,"showSkybox":false,"showFlares":true,"showImageEffects":true,"showParticleSystems":true},"in2DMode":false,"pivot":{"x":593.8673706054688,"y":2.4019999504089357,"z":71.58699798583985},"rotation":{"x":0.07291629910469055,"y":-0.9270517826080322,"z":0.26407182216644289,"w":0.2559773325920105},"size":0.3192177414894104,"orthographic":true}