{"cameraMode":{"drawMode":0,"name":"Shaded","section":"Shading Mode"},"sceneLighting":false,"audioPlay":false,"sceneViewState":{"showFog":true,"showMaterialUpdate":false,"showSkybox":false,"showFlares":true,"showImageEffects":true,"showParticleSystems":true},"in2DMode":false,"pivot":{"x":280.98974609375,"y":172.30001831054688,"z":0.0},"rotation":{"x":0.08537720888853073,"y":-0.020921623334288598,"z":0.0017931167967617512,"w":0.9961274266242981},"size":1070.043701171875,"orthographic":true}