{"cameraMode":{"drawMode":0,"name":"Shaded","section":"Shading Mode"},"sceneLighting":false,"audioPlay":false,"sceneViewState":{"showFog":true,"showMaterialUpdate":false,"showSkybox":false,"showFlares":true,"showImageEffects":true,"showParticleSystems":true},"in2DMode":false,"pivot":{"x":593.8269653320313,"y":2.3963623046875,"z":71.8526611328125},"rotation":{"x":0.03668959438800812,"y":-0.9623909592628479,"z":0.16768047213554383,"w":0.21057282388210298},"size":1.342246174812317,"orthographic":true}