{"cameraMode":{"drawMode":0,"name":"Shaded","section":"Shading Mode"},"sceneLighting":false,"audioPlay":false,"sceneViewState":{"showFog":true,"showMaterialUpdate":false,"showSkybox":false,"showFlares":true,"showImageEffects":true,"showParticleSystems":true},"in2DMode":false,"pivot":{"x":360.3340759277344,"y":186.36366271972657,"z":570.7069091796875},"rotation":{"x":-0.13604922592639924,"y":-0.02050921320915222,"z":0.002817333908751607,"w":-0.9904857873916626},"size":352.1962585449219,"orthographic":true}