{"cameraMode":{"drawMode":0,"name":"Shaded","section":"Shading Mode"},"sceneLighting":false,"audioPlay":false,"sceneViewState":{"showFog":true,"showMaterialUpdate":false,"showSkybox":false,"showFlares":true,"showImageEffects":true,"showParticleSystems":true},"in2DMode":false,"pivot":{"x":584.0771484375,"y":2.4254150390625,"z":91.8580322265625},"rotation":{"x":0.002697026589885354,"y":-0.8932688236236572,"z":0.00535978376865387,"w":0.44948285818099978},"size":0.5855721235275269,"orthographic":true}