{"cameraMode":{"drawMode":0,"name":"Shaded","section":"Shading Mode"},"sceneLighting":false,"audioPlay":false,"sceneViewState":{"showFog":true,"showMaterialUpdate":false,"showSkybox":false,"showFlares":true,"showImageEffects":true,"showParticleSystems":true},"in2DMode":false,"pivot":{"x":17.72381591796875,"y":14.095703125,"z":3.453125},"rotation":{"x":0.011997980065643788,"y":0.0017964898142963648,"z":0.00002222248076577671,"w":-0.9999264478683472},"size":190.15591430664063,"orthographic":true}