{"cameraMode":{"drawMode":0,"name":"Shaded","section":"Shading Mode"},"sceneLighting":false,"audioPlay":false,"sceneViewState":{"showFog":true,"showMaterialUpdate":false,"showSkybox":false,"showFlares":true,"showImageEffects":true,"showParticleSystems":true},"in2DMode":false,"pivot":{"x":0.06229564547538757,"y":0.15670755505561829,"z":1.0709999799728394},"rotation":{"x":0.27049699425697329,"y":-0.15227331221103669,"z":0.04337558150291443,"w":0.9496119022369385},"size":0.6823029518127441,"orthographic":true}