{"cameraMode":{"drawMode":0,"name":"Shaded","section":"Shading Mode"},"sceneLighting":false,"audioPlay":false,"sceneViewState":{"showFog":true,"showMaterialUpdate":false,"showSkybox":false,"showFlares":true,"showImageEffects":true,"showParticleSystems":true},"in2DMode":false,"pivot":{"x":0.000030100345611572266,"y":0.842304527759552,"z":0.013901352882385254},"rotation":{"x":-0.012916072271764279,"y":0.9867648482322693,"z":-0.10100174695253372,"w":-0.1262023150920868},"size":2.4604721069335939,"orthographic":true}