{"cameraMode":{"drawMode":0,"name":"Shaded","section":"Shading Mode"},"sceneLighting":false,"audioPlay":false,"sceneViewState":{"showFog":true,"showMaterialUpdate":false,"showSkybox":false,"showFlares":true,"showImageEffects":true,"showParticleSystems":true},"in2DMode":false,"pivot":{"x":-88.925048828125,"y":-145.5230255126953,"z":59.19832992553711},"rotation":{"x":0.2314329743385315,"y":0.05978691205382347,"z":-0.014248441904783249,"w":0.97090744972229},"size":0.4530504643917084,"orthographic":true}