{"cameraMode":{"drawMode":0,"name":"Shaded","section":"Shading Mode"},"sceneLighting":false,"audioPlay":false,"sceneViewState":{"showFog":true,"showMaterialUpdate":false,"showSkybox":false,"showFlares":true,"showImageEffects":true,"showParticleSystems":true},"in2DMode":false,"pivot":{"x":593.2517700195313,"y":4.146800994873047,"z":72.52953338623047},"rotation":{"x":-0.011380619369447232,"y":-0.9198902249336243,"z":0.391095906496048,"w":-0.026769714429974557},"size":0.586152195930481,"orthographic":true}