{"cameraMode":{"drawMode":0,"name":"Shaded","section":"Shading Mode"},"sceneLighting":false,"audioPlay":false,"sceneViewState":{"showFog":true,"showMaterialUpdate":false,"showSkybox":false,"showFlares":true,"showImageEffects":true,"showParticleSystems":true},"in2DMode":false,"pivot":{"x":0.2014923095703125,"y":1.35760498046875,"z":-0.12353515625},"rotation":{"x":-0.05170004069805145,"y":0.9388323426246643,"z":-0.16212505102157594,"w":-0.29939350485801699},"size":2.239375352859497,"orthographic":true}