{"cameraMode":{"drawMode":0,"name":"Shaded","section":"Shading Mode"},"sceneLighting":false,"audioPlay":false,"sceneViewState":{"showFog":true,"showMaterialUpdate":false,"showSkybox":false,"showFlares":true,"showImageEffects":true,"showParticleSystems":true},"in2DMode":false,"pivot":{"x":583.6287841796875,"y":2.877121925354004,"z":92.30326843261719},"rotation":{"x":-0.010499395430088044,"y":-0.008100925013422966,"z":-0.00008289367542602122,"w":0.9999120831489563},"size":1.556907057762146,"orthographic":true}