{"cameraMode":{"drawMode":0,"name":"Shaded","section":"Shading Mode"},"sceneLighting":false,"audioPlay":false,"sceneViewState":{"showFog":true,"showMaterialUpdate":false,"showSkybox":false,"showFlares":true,"showImageEffects":true,"showParticleSystems":true},"in2DMode":false,"pivot":{"x":11.68499755859375,"y":-4.835289001464844,"z":0.0},"rotation":{"x":0.08537720888853073,"y":-0.020921623334288598,"z":0.0017931167967617512,"w":0.9961274266242981},"size":105.21353912353516,"orthographic":true}