{"cameraMode":{"drawMode":0,"name":"Shaded","section":"Shading Mode"},"sceneLighting":false,"audioPlay":false,"sceneViewState":{"showFog":true,"showMaterialUpdate":false,"showSkybox":false,"showFlares":true,"showImageEffects":true,"showParticleSystems":true},"in2DMode":false,"pivot":{"x":0.7132220268249512,"y":0.13129481673240663,"z":-0.0729999989271164},"rotation":{"x":0.251279354095459,"y":0.3091452717781067,"z":-0.08505948632955551,"w":0.9132649302482605},"size":0.3727269768714905,"orthographic":true}