{"cameraMode":{"drawMode":0,"name":"Shaded","section":"Shading Mode"},"sceneLighting":false,"audioPlay":false,"sceneViewState":{"showFog":true,"showMaterialUpdate":false,"showSkybox":false,"showFlares":true,"showImageEffects":true,"showParticleSystems":true},"in2DMode":false,"pivot":{"x":0.0,"y":7.450580596923828e-9,"z":0.05111658573150635},"rotation":{"x":0.0038391011767089369,"y":-0.9044151902198792,"z":-0.008139421232044697,"w":-0.42655879259109499},"size":0.5281683206558228,"orthographic":true}