{"cameraMode":{"drawMode":0,"name":"Shaded","section":"Shading Mode"},"sceneLighting":false,"audioPlay":false,"sceneViewState":{"showFog":true,"showMaterialUpdate":false,"showSkybox":false,"showFlares":true,"showImageEffects":true,"showParticleSystems":true},"in2DMode":false,"pivot":{"x":581.7503662109375,"y":1.7233580350875855,"z":91.52278137207031},"rotation":{"x":0.14233915507793427,"y":0.1258394569158554,"z":-0.01824595406651497,"w":0.9816165566444397},"size":1.890824317932129,"orthographic":true}