{"cameraMode":{"drawMode":0,"name":"Shaded","section":"Shading Mode"},"sceneLighting":true,"audioPlay":false,"sceneViewState":{"showFog":true,"showMaterialUpdate":false,"showSkybox":true,"showFlares":true,"showImageEffects":true,"showParticleSystems":true},"in2DMode":false,"pivot":{"x":422.22503662109377,"y":200.94668579101563,"z":507.43890380859377},"rotation":{"x":0.2548796534538269,"y":-0.6620798110961914,"z":0.25717848539352419,"w":0.6561600565910339},"size":59.32471466064453,"orthographic":false}