{"cameraMode":{"drawMode":0,"name":"Shaded","section":"Shading Mode"},"sceneLighting":false,"audioPlay":false,"sceneViewState":{"showFog":true,"showMaterialUpdate":false,"showSkybox":false,"showFlares":true,"showImageEffects":true,"showParticleSystems":true},"in2DMode":false,"pivot":{"x":566.7999877929688,"y":61.599998474121097,"z":917.5298461914063},"rotation":{"x":0.054898109287023547,"y":-0.14328134059906007,"z":0.007961760275065899,"w":0.9881262183189392},"size":517.114990234375,"orthographic":true}