{"cameraMode":{"drawMode":0,"name":"Shaded","section":"Shading Mode"},"sceneLighting":false,"audioPlay":false,"sceneViewState":{"showFog":true,"showMaterialUpdate":false,"showSkybox":false,"showFlares":true,"showImageEffects":true,"showParticleSystems":true},"in2DMode":false,"pivot":{"x":-0.00022505223751068115,"y":0.4403873682022095,"z":-2.2351741790771486e-8},"rotation":{"x":0.03047783300280571,"y":-0.9673243165016174,"z":0.14174863696098329,"w":0.20799557864665986},"size":2.2155392169952394,"orthographic":true}