{"cameraMode":{"drawMode":0,"name":"Shaded","section":"Shading Mode"},"sceneLighting":false,"audioPlay":false,"sceneViewState":{"showFog":true,"showMaterialUpdate":false,"showSkybox":false,"showFlares":true,"showImageEffects":true,"showParticleSystems":true},"in2DMode":false,"pivot":{"x":582.0833740234375,"y":2.8952455520629885,"z":92.81126403808594},"rotation":{"x":-0.05244167521595955,"y":0.942328155040741,"z":-0.27915287017822268,"w":-0.17703433334827424},"size":1.8424235582351685,"orthographic":true}