{"cameraMode":{"drawMode":0,"name":"Shaded","section":"Shading Mode"},"sceneLighting":false,"audioPlay":false,"sceneViewState":{"showFog":true,"showMaterialUpdate":false,"showSkybox":false,"showFlares":true,"showImageEffects":true,"showParticleSystems":true},"in2DMode":false,"pivot":{"x":591.5499877929688,"y":1.8505842685699463,"z":71.36203002929688},"rotation":{"x":-0.022619450464844705,"y":-0.9745259284973145,"z":0.1909603476524353,"w":-0.11542057245969773},"size":3.819056987762451,"orthographic":true}