{"cameraMode":{"drawMode":0,"name":"Shaded","section":"Shading Mode"},"sceneLighting":false,"audioPlay":false,"sceneViewState":{"showFog":true,"showMaterialUpdate":false,"showSkybox":false,"showFlares":true,"showImageEffects":true,"showParticleSystems":true},"in2DMode":false,"pivot":{"x":593.2517700195313,"y":4.146800994873047,"z":72.52953338623047},"rotation":{"x":-0.027495838701725007,"y":-0.7906643748283386,"z":0.03560613840818405,"w":-0.6105948686599731},"size":0.586152195930481,"orthographic":true}