{"cameraMode":{"drawMode":0,"name":"Shaded","section":"Shading Mode"},"sceneLighting":false,"audioPlay":false,"sceneViewState":{"showFog":true,"showMaterialUpdate":false,"showSkybox":false,"showFlares":true,"showImageEffects":true,"showParticleSystems":true},"in2DMode":false,"pivot":{"x":-1.0400640964508057,"y":5.267174243927002,"z":-3.4378576278686525},"rotation":{"x":-0.001939778565429151,"y":0.990394651889801,"z":-0.13754874467849732,"w":-0.013966984115540982},"size":12.733976364135743,"orthographic":false}