{"cameraMode":{"drawMode":0,"name":"Shaded","section":"Shading Mode"},"sceneLighting":false,"audioPlay":false,"sceneViewState":{"showFog":true,"showMaterialUpdate":false,"showSkybox":false,"showFlares":true,"showImageEffects":true,"showParticleSystems":true},"in2DMode":false,"pivot":{"x":-29.28413963317871,"y":1.6235475540161133,"z":-0.9168993234634399},"rotation":{"x":-0.05599883943796158,"y":-0.9164701700210571,"z":0.3712656497955322,"w":-0.13823331892490388},"size":7.592623233795166,"orthographic":false}