{"cameraMode":{"drawMode":0,"name":"Shaded","section":"Shading Mode"},"sceneLighting":false,"audioPlay":false,"sceneViewState":{"showFog":true,"showMaterialUpdate":false,"showSkybox":false,"showFlares":true,"showImageEffects":true,"showParticleSystems":true},"in2DMode":false,"pivot":{"x":0.0146484375,"y":0.6912105679512024,"z":-0.39110830426216128},"rotation":{"x":0.06404811143875122,"y":0.31280651688575747,"z":-0.021146556362509729,"w":0.9474190473556519},"size":3.078847885131836,"orthographic":true}