{"cameraMode":{"drawMode":0,"name":"Shaded","section":"Shading Mode"},"sceneLighting":false,"audioPlay":false,"sceneViewState":{"showFog":true,"showMaterialUpdate":false,"showSkybox":false,"showFlares":true,"showImageEffects":true,"showParticleSystems":true},"in2DMode":false,"pivot":{"x":-0.00022505223751068115,"y":0.4403873682022095,"z":-2.2351741790771486e-8},"rotation":{"x":0.097195565700531,"y":-0.055208470672369,"z":0.005399541463702917,"w":0.9937182068824768},"size":2.2155392169952394,"orthographic":false}