{"cameraMode":{"drawMode":0,"name":"Shaded","section":"Shading Mode"},"sceneLighting":false,"audioPlay":false,"sceneViewState":{"showFog":true,"showMaterialUpdate":false,"showSkybox":false,"showFlares":true,"showImageEffects":true,"showParticleSystems":true},"in2DMode":false,"pivot":{"x":2.985714912414551,"y":1.875,"z":0.00411224365234375},"rotation":{"x":0.1542830765247345,"y":-0.8407366275787354,"z":0.313569575548172,"w":0.4135611355304718},"size":22.984189987182618,"orthographic":false}